,tags_overall,f1-score,precision,recall,support,model_name,model_type
0,CC,0.26976744186046514,0.3923739237392374,0.20554123711340205,1552.0,crf-baseline-fold01-seed42.joblib,crf-baseline
1,CD,0.8356944647290785,0.8786855036855037,0.7967140072403229,3591.0,crf-baseline-fold01-seed42.joblib,crf-baseline
2,DT,0.3865546218487395,0.4893617021276596,0.3194444444444444,72.0,crf-baseline-fold01-seed42.joblib,crf-baseline
3,FW,0.553072625698324,0.7674418604651163,0.43231441048034935,458.0,crf-baseline-fold01-seed42.joblib,crf-baseline
4,IN,0.6160835983643799,0.5760407816482583,0.662109375,4096.0,crf-baseline-fold01-seed42.joblib,crf-baseline
5,JJ,0.4040528093337427,0.5120622568093385,0.3336713995943205,1972.0,crf-baseline-fold01-seed42.joblib,crf-baseline
6,MD,0.5351043643263758,0.5351043643263758,0.5351043643263758,1054.0,crf-baseline-fold01-seed42.joblib,crf-baseline
7,NEG,0.3651452282157676,0.4512820512820513,0.30662020905923343,287.0,crf-baseline-fold01-seed42.joblib,crf-baseline
8,NN,0.7445023804126049,0.6962544169611308,0.7999350438454044,12316.0,crf-baseline-fold01-seed42.joblib,crf-baseline
9,NND,0.3045685279187817,0.4316546762589928,0.2352941176470588,255.0,crf-baseline-fold01-seed42.joblib,crf-baseline
10,NNP,0.9141172134168816,0.8980301274623407,0.930791172496622,6661.0,crf-baseline-fold01-seed42.joblib,crf-baseline
11,OD,0.5862068965517241,0.7157894736842105,0.4963503649635037,137.0,crf-baseline-fold01-seed42.joblib,crf-baseline
12,PR,0.5087807325639739,0.5748299319727891,0.4563456345634563,1111.0,crf-baseline-fold01-seed42.joblib,crf-baseline
13,PRP,0.7721144360407761,0.7868632707774799,0.7579083279535184,1549.0,crf-baseline-fold01-seed42.joblib,crf-baseline
14,RB,0.3290322580645161,0.4696132596685083,0.253227408142999,1007.0,crf-baseline-fold01-seed42.joblib,crf-baseline
15,RP,0.35897435897435903,0.7777777777777778,0.2333333333333333,30.0,crf-baseline-fold01-seed42.joblib,crf-baseline
16,SC,0.46110056925996207,0.4552266766579243,0.4671280276816609,2601.0,crf-baseline-fold01-seed42.joblib,crf-baseline
17,SYM,0.8990384615384617,0.9257425742574258,0.8738317757009346,428.0,crf-baseline-fold01-seed42.joblib,crf-baseline
18,UH,0.0,0.0,0.0,2.0,crf-baseline-fold01-seed42.joblib,crf-baseline
19,VB,0.6852120748949179,0.6677092642240096,0.7036571966724219,6371.0,crf-baseline-fold01-seed42.joblib,crf-baseline
20,WH,0.21428571428571427,0.8571428571428571,0.12244897959183673,49.0,crf-baseline-fold01-seed42.joblib,crf-baseline
21,X,0.021505376344086027,0.1,0.012048192771084338,83.0,crf-baseline-fold01-seed42.joblib,crf-baseline
22,Z,0.9918807909064858,0.98744769874477,0.996353866820188,5211.0,crf-baseline-fold01-seed42.joblib,crf-baseline
23,fw,0.0,0.0,0.0,0.0,crf-baseline-fold01-seed42.joblib,crf-baseline
24,macro avg,0.4898664560645882,0.5811014354030731,0.4554238703934363,50893.0,crf-baseline-fold01-seed42.joblib,crf-baseline
25,micro avg,0.7234197237341089,0.7234197237341088,0.7234197237341088,50893.0,crf-baseline-fold01-seed42.joblib,crf-baseline
26,weighted avg,0.7140471972858895,0.7144921023016391,0.7234197237341088,50893.0,crf-baseline-fold01-seed42.joblib,crf-baseline
27,CC,0.2821824381926684,0.3866822429906542,0.2221476510067114,1490.0,crf-baseline-fold02-seed29.joblib,crf-baseline
28,CD,0.8400523941202154,0.8729582577132486,0.8095371669004208,3565.0,crf-baseline-fold02-seed29.joblib,crf-baseline
29,DT,0.4654088050314466,0.5362318840579711,0.4111111111111111,90.0,crf-baseline-fold02-seed29.joblib,crf-baseline
30,FW,0.5471698113207547,0.712280701754386,0.4442013129102845,457.0,crf-baseline-fold02-seed29.joblib,crf-baseline
31,IN,0.6388767958206356,0.6082901554404145,0.6727022690809076,4363.0,crf-baseline-fold02-seed29.joblib,crf-baseline
32,JJ,0.4138141809290953,0.5381558028616852,0.3361469712015889,2014.0,crf-baseline-fold02-seed29.joblib,crf-baseline
33,MD,0.5306122448979592,0.5315555555555556,0.5296722763507529,1129.0,crf-baseline-fold02-seed29.joblib,crf-baseline
34,NEG,0.2903885480572597,0.4034090909090909,0.2268370607028754,313.0,crf-baseline-fold02-seed29.joblib,crf-baseline
35,NN,0.7501867064973862,0.7029391182645206,0.8042433947157727,12490.0,crf-baseline-fold02-seed29.joblib,crf-baseline
36,NND,0.3429752066115702,0.4486486486486487,0.27759197324414714,299.0,crf-baseline-fold02-seed29.joblib,crf-baseline
37,NNP,0.9207454136755856,0.9084275289741022,0.9334019406057044,6802.0,crf-baseline-fold02-seed29.joblib,crf-baseline
38,OD,0.6190476190476191,0.7222222222222222,0.5416666666666666,144.0,crf-baseline-fold02-seed29.joblib,crf-baseline
39,PR,0.4913323427439326,0.5304812834224599,0.4575645756457565,1084.0,crf-baseline-fold02-seed29.joblib,crf-baseline
40,PRP,0.7645280483708432,0.7941381716678297,0.7370466321243523,1544.0,crf-baseline-fold02-seed29.joblib,crf-baseline
41,RB,0.3326984126984127,0.4486301369863014,0.2643794147325933,991.0,crf-baseline-fold02-seed29.joblib,crf-baseline
42,RP,0.13043478260869565,0.6,0.07317073170731707,41.0,crf-baseline-fold02-seed29.joblib,crf-baseline
43,SC,0.451915852742299,0.4480446927374302,0.455854490337249,2639.0,crf-baseline-fold02-seed29.joblib,crf-baseline
44,SYM,0.8985507246376813,0.9393939393939394,0.8611111111111112,468.0,crf-baseline-fold02-seed29.joblib,crf-baseline
45,UH,0.0,0.0,0.0,8.0,crf-baseline-fold02-seed29.joblib,crf-baseline
46,VB,0.6936617058245826,0.6700233508464681,0.7190289741581832,6385.0,crf-baseline-fold02-seed29.joblib,crf-baseline
47,WH,0.032786885245901634,0.2,0.017857142857142856,56.0,crf-baseline-fold02-seed29.joblib,crf-baseline
48,X,0.08108108108108109,0.6,0.043478260869565216,69.0,crf-baseline-fold02-seed29.joblib,crf-baseline
49,Z,0.991894439208294,0.9885402968250986,0.9952714204652924,5287.0,crf-baseline-fold02-seed29.joblib,crf-baseline
50,fw,0.0,0.0,0.0,0.0,crf-baseline-fold02-seed29.joblib,crf-baseline
51,macro avg,0.4795976849734966,0.5662938783863345,0.4514176061877295,51728.0,crf-baseline-fold02-seed29.joblib,crf-baseline
52,micro avg,0.7279423136405816,0.7279423136405815,0.7279423136405815,51728.0,crf-baseline-fold02-seed29.joblib,crf-baseline
53,weighted avg,0.7188414887955041,0.7186192378465648,0.7279423136405815,51728.0,crf-baseline-fold02-seed29.joblib,crf-baseline
54,CC,0.2762527233115468,0.3880048959608323,0.2144790257104195,1478.0,crf-baseline-fold03-seed02.joblib,crf-baseline
55,CD,0.8445739257101238,0.8784848484848485,0.8131837307152875,3565.0,crf-baseline-fold03-seed02.joblib,crf-baseline
56,DT,0.4504504504504505,0.4901960784313725,0.4166666666666667,60.0,crf-baseline-fold03-seed02.joblib,crf-baseline
57,FW,0.5657071339173967,0.7661016949152543,0.4484126984126984,504.0,crf-baseline-fold03-seed02.joblib,crf-baseline
58,IN,0.6278888020542592,0.6003415883859948,0.6580856541071847,4273.0,crf-baseline-fold03-seed02.joblib,crf-baseline
59,JJ,0.3966244725738397,0.5244635193133047,0.3188935281837161,1916.0,crf-baseline-fold03-seed02.joblib,crf-baseline
60,MD,0.5307237141556669,0.5182222222222223,0.5438432835820896,1072.0,crf-baseline-fold03-seed02.joblib,crf-baseline
61,NEG,0.34888438133874244,0.4777777777777778,0.2747603833865815,313.0,crf-baseline-fold03-seed02.joblib,crf-baseline
62,NN,0.7467968273337401,0.6989792276393747,0.8016373311502252,12215.0,crf-baseline-fold03-seed02.joblib,crf-baseline
63,NND,0.4096916299559471,0.5568862275449101,0.3240418118466899,287.0,crf-baseline-fold03-seed02.joblib,crf-baseline
64,NNP,0.9176186759384092,0.9082736339373508,0.9271580154860912,6974.0,crf-baseline-fold03-seed02.joblib,crf-baseline
65,OD,0.6835443037974683,0.7788461538461539,0.6090225563909775,133.0,crf-baseline-fold03-seed02.joblib,crf-baseline
66,PR,0.4900523560209424,0.5584725536992841,0.4365671641791045,1072.0,crf-baseline-fold03-seed02.joblib,crf-baseline
67,PRP,0.7751164337990685,0.7882273342354533,0.7624345549738221,1528.0,crf-baseline-fold03-seed02.joblib,crf-baseline
68,RB,0.33046926635822865,0.463821892393321,0.2566735112936345,974.0,crf-baseline-fold03-seed02.joblib,crf-baseline
69,RP,0.26666666666666666,0.75,0.16216216216216214,37.0,crf-baseline-fold03-seed02.joblib,crf-baseline
70,SC,0.4563143838229684,0.44945509207065015,0.463386284385897,2581.0,crf-baseline-fold03-seed02.joblib,crf-baseline
71,SYM,0.9048843187660668,0.9263157894736842,0.8844221105527639,398.0,crf-baseline-fold03-seed02.joblib,crf-baseline
72,UH,0.0,0.0,0.0,8.0,crf-baseline-fold03-seed02.joblib,crf-baseline
73,VB,0.6890972327234236,0.6609137055837564,0.7197915021323645,6331.0,crf-baseline-fold03-seed02.joblib,crf-baseline
74,WH,0.3376623376623377,0.65,0.2280701754385965,57.0,crf-baseline-fold03-seed02.joblib,crf-baseline
75,X,0.05882352941176471,0.375,0.031914893617021274,94.0,crf-baseline-fold03-seed02.joblib,crf-baseline
76,Z,0.994095041709626,0.9915856394913988,0.9966171772223268,5321.0,crf-baseline-fold03-seed02.joblib,crf-baseline
77,fw,0.0,0.0,0.0,0.0,crf-baseline-fold03-seed02.joblib,crf-baseline
78,macro avg,0.5042474419782784,0.5916820781419561,0.4705093425665134,51191.0,crf-baseline-fold03-seed02.joblib,crf-baseline
79,micro avg,0.7287218456369283,0.7287218456369283,0.7287218456369283,51191.0,crf-baseline-fold03-seed02.joblib,crf-baseline
80,weighted avg,0.7196354312830294,0.7203580159290681,0.7287218456369283,51191.0,crf-baseline-fold03-seed02.joblib,crf-baseline
81,CC,0.2663736263736264,0.35273573923166474,0.21398305084745764,1416.0,crf-baseline-fold04-seed06.joblib,crf-baseline
82,CD,0.8392804482453552,0.8743471582181259,0.8069180606747944,3527.0,crf-baseline-fold04-seed06.joblib,crf-baseline
83,DT,0.3918918918918919,0.5087719298245614,0.31868131868131866,91.0,crf-baseline-fold04-seed06.joblib,crf-baseline
84,FW,0.5523560209424084,0.7589928057553957,0.4341563786008231,486.0,crf-baseline-fold04-seed06.joblib,crf-baseline
85,IN,0.6189407540394973,0.5909577887293764,0.6497055359246172,4245.0,crf-baseline-fold04-seed06.joblib,crf-baseline
86,JJ,0.4295625942684766,0.5317401045556386,0.3603238866396761,1976.0,crf-baseline-fold04-seed06.joblib,crf-baseline
87,MD,0.5219399538106235,0.5117753623188406,0.532516493873704,1061.0,crf-baseline-fold04-seed06.joblib,crf-baseline
88,NEG,0.3684210526315789,0.52,0.2852664576802508,319.0,crf-baseline-fold04-seed06.joblib,crf-baseline
89,NN,0.746290127195639,0.7009671454985066,0.7978792293993848,12354.0,crf-baseline-fold04-seed06.joblib,crf-baseline
90,NND,0.2720763723150358,0.3725490196078432,0.21428571428571427,266.0,crf-baseline-fold04-seed06.joblib,crf-baseline
91,NNP,0.9167018432531308,0.9063717306622148,0.9272701394819244,7026.0,crf-baseline-fold04-seed06.joblib,crf-baseline
92,OD,0.6201550387596899,0.8,0.5063291139240507,158.0,crf-baseline-fold04-seed06.joblib,crf-baseline
93,PR,0.5,0.5594563986409966,0.4519670631290028,1093.0,crf-baseline-fold04-seed06.joblib,crf-baseline
94,PRP,0.7575554063129617,0.7741935483870968,0.7416173570019724,1521.0,crf-baseline-fold04-seed06.joblib,crf-baseline
95,RB,0.3736677115987461,0.5129087779690189,0.2938856015779093,1014.0,crf-baseline-fold04-seed06.joblib,crf-baseline
96,RP,0.25,0.8,0.14814814814814814,27.0,crf-baseline-fold04-seed06.joblib,crf-baseline
97,SC,0.4560296846011132,0.458069325382035,0.4540081270779461,2707.0,crf-baseline-fold04-seed06.joblib,crf-baseline
98,SYM,0.8859857482185274,0.9031476997578692,0.8694638694638694,429.0,crf-baseline-fold04-seed06.joblib,crf-baseline
99,UH,0.0,0.0,0.0,6.0,crf-baseline-fold04-seed06.joblib,crf-baseline
100,VB,0.6807451542348593,0.6558639732597006,0.7075885857635622,6378.0,crf-baseline-fold04-seed06.joblib,crf-baseline
101,WH,0.2258064516129032,0.5384615384615384,0.14285714285714285,49.0,crf-baseline-fold04-seed06.joblib,crf-baseline
102,X,0.06451612903225806,0.2,0.038461538461538464,78.0,crf-baseline-fold04-seed06.joblib,crf-baseline
103,Z,0.9912156418248796,0.9857223370279916,0.9967705167173252,5264.0,crf-baseline-fold04-seed06.joblib,crf-baseline
104,fw,0.0,0.0,0.0,0.0,crf-baseline-fold04-seed06.joblib,crf-baseline
105,macro avg,0.4887296521318002,0.5757096826370173,0.4538368054255055,51491.0,crf-baseline-fold04-seed06.joblib,crf-baseline
106,micro avg,0.7247868559554098,0.7247868559554097,0.7247868559554097,51491.0,crf-baseline-fold04-seed06.joblib,crf-baseline
107,weighted avg,0.7165199734451908,0.7164782586110489,0.7247868559554097,51491.0,crf-baseline-fold04-seed06.joblib,crf-baseline
108,CC,0.9736242266362748,0.9842001316655694,0.9632731958762888,1552.0,crf-with-prefix-fold01-seed42.joblib,crf-with-prefix
109,CD,0.9781306588661376,0.9785395763656634,0.9777220829852408,3591.0,crf-with-prefix-fold01-seed42.joblib,crf-with-prefix
110,DT,0.9210526315789472,0.875,0.9722222222222222,72.0,crf-with-prefix-fold01-seed42.joblib,crf-with-prefix
111,FW,0.7956469165659008,0.8915989159891599,0.7183406113537117,458.0,crf-with-prefix-fold01-seed42.joblib,crf-with-prefix
112,IN,0.9423662726940416,0.9406470445147166,0.944091796875,4096.0,crf-with-prefix-fold01-seed42.joblib,crf-with-prefix
113,JJ,0.8669064748201438,0.8786458333333333,0.8554766734279919,1972.0,crf-with-prefix-fold01-seed42.joblib,crf-with-prefix
114,MD,0.9824394874228759,0.9829059829059827,0.9819734345351044,1054.0,crf-with-prefix-fold01-seed42.joblib,crf-with-prefix
115,NEG,0.9843478260869564,0.9826388888888888,0.9860627177700348,287.0,crf-with-prefix-fold01-seed42.joblib,crf-with-prefix
116,NN,0.9490649109342812,0.9442970822281168,0.95388113023709,12316.0,crf-with-prefix-fold01-seed42.joblib,crf-with-prefix
117,NND,0.9032258064516128,0.9294605809128632,0.8784313725490196,255.0,crf-with-prefix-fold01-seed42.joblib,crf-with-prefix
118,NNP,0.9526644834772254,0.9446494464944648,0.9608166941900615,6661.0,crf-with-prefix-fold01-seed42.joblib,crf-with-prefix
119,OD,0.7698113207547169,0.796875,0.7445255474452555,137.0,crf-with-prefix-fold01-seed42.joblib,crf-with-prefix
120,PR,0.9874664279319606,0.9821905609973286,0.9927992799279928,1111.0,crf-with-prefix-fold01-seed42.joblib,crf-with-prefix
121,PRP,0.9861424427972928,0.9845559845559846,0.9877340219496448,1549.0,crf-with-prefix-fold01-seed42.joblib,crf-with-prefix
122,RB,0.9069649211997968,0.9291666666666668,0.8857994041708044,1007.0,crf-with-prefix-fold01-seed42.joblib,crf-with-prefix
123,RP,0.9655172413793104,1.0,0.9333333333333332,30.0,crf-with-prefix-fold01-seed42.joblib,crf-with-prefix
124,SC,0.9371274754854836,0.9373076923076924,0.9369473279507882,2601.0,crf-with-prefix-fold01-seed42.joblib,crf-with-prefix
125,SYM,0.9953051643192488,1.0,0.9906542056074766,428.0,crf-with-prefix-fold01-seed42.joblib,crf-with-prefix
126,UH,0.8,0.6666666666666666,1.0,2.0,crf-with-prefix-fold01-seed42.joblib,crf-with-prefix
127,VB,0.9652473387601754,0.9626854020296643,0.9678229477319102,6371.0,crf-with-prefix-fold01-seed42.joblib,crf-with-prefix
128,WH,0.8444444444444446,0.9268292682926829,0.7755102040816326,49.0,crf-with-prefix-fold01-seed42.joblib,crf-with-prefix
129,X,0.33928571428571425,0.6551724137931034,0.2289156626506024,83.0,crf-with-prefix-fold01-seed42.joblib,crf-with-prefix
130,Z,0.9978894858019954,0.9976980625359678,0.9980809825369412,5211.0,crf-with-prefix-fold01-seed42.joblib,crf-with-prefix
131,fw,0.0,0.0,0.0,0.0,crf-with-prefix-fold01-seed42.joblib,crf-with-prefix
132,macro avg,0.8643613196956057,0.8821554667143549,0.8597672853920062,50893.0,crf-with-prefix-fold01-seed42.joblib,crf-with-prefix
133,micro avg,0.9547678462656948,0.9547678462656948,0.9547678462656948,50893.0,crf-with-prefix-fold01-seed42.joblib,crf-with-prefix
134,weighted avg,0.9542171388858302,0.9542786527560164,0.9547678462656948,50893.0,crf-with-prefix-fold01-seed42.joblib,crf-with-prefix
135,CC,0.975329503210544,0.9823008849557522,0.9684563758389262,1490.0,crf-with-prefix-fold02-seed29.joblib,crf-with-prefix
136,CD,0.979198659779422,0.9747081712062255,0.9837307152875177,3565.0,crf-with-prefix-fold02-seed29.joblib,crf-with-prefix
137,DT,0.946236559139785,0.9166666666666666,0.9777777777777776,90.0,crf-with-prefix-fold02-seed29.joblib,crf-with-prefix
138,FW,0.7712895377128953,0.8684931506849315,0.6936542669584245,457.0,crf-with-prefix-fold02-seed29.joblib,crf-with-prefix
139,IN,0.9379515999541232,0.9387052341597796,0.93719917487967,4363.0,crf-with-prefix-fold02-seed29.joblib,crf-with-prefix
140,JJ,0.8695652173913044,0.9081081081081082,0.8341608738828202,2014.0,crf-with-prefix-fold02-seed29.joblib,crf-with-prefix
141,MD,0.9822852081488044,0.9822852081488044,0.9822852081488044,1129.0,crf-with-prefix-fold02-seed29.joblib,crf-with-prefix
142,NEG,0.9712460063897764,0.9712460063897764,0.9712460063897764,313.0,crf-with-prefix-fold02-seed29.joblib,crf-with-prefix
143,NN,0.9499345938875012,0.9407238753238596,0.9593274619695756,12490.0,crf-with-prefix-fold02-seed29.joblib,crf-with-prefix
144,NND,0.9034482758620691,0.9323843416370108,0.8762541806020067,299.0,crf-with-prefix-fold02-seed29.joblib,crf-with-prefix
145,NNP,0.9560108687669824,0.9550990462215699,0.9569244339900028,6802.0,crf-with-prefix-fold02-seed29.joblib,crf-with-prefix
146,OD,0.8270676691729323,0.9016393442622952,0.7638888888888888,144.0,crf-with-prefix-fold02-seed29.joblib,crf-with-prefix
147,PR,0.9903359410952601,0.9880624426078972,0.9926199261992621,1084.0,crf-with-prefix-fold02-seed29.joblib,crf-with-prefix
148,PRP,0.9883495145631068,0.9877102199223804,0.9889896373056994,1544.0,crf-with-prefix-fold02-seed29.joblib,crf-with-prefix
149,RB,0.9044193216855086,0.9214659685863874,0.887991927346115,991.0,crf-with-prefix-fold02-seed29.joblib,crf-with-prefix
150,RP,0.9629629629629628,0.975,0.951219512195122,41.0,crf-with-prefix-fold02-seed29.joblib,crf-with-prefix
151,SC,0.9255540822125404,0.925378787878788,0.9257294429708224,2639.0,crf-with-prefix-fold02-seed29.joblib,crf-with-prefix
152,SYM,0.992465016146394,1.0,0.9850427350427352,468.0,crf-with-prefix-fold02-seed29.joblib,crf-with-prefix
153,UH,0.7692307692307693,1.0,0.625,8.0,crf-with-prefix-fold02-seed29.joblib,crf-with-prefix
154,VB,0.9649503722084368,0.9556135770234988,0.9744714173844948,6385.0,crf-with-prefix-fold02-seed29.joblib,crf-with-prefix
155,WH,0.7157894736842105,0.8717948717948718,0.6071428571428571,56.0,crf-with-prefix-fold02-seed29.joblib,crf-with-prefix
156,X,0.3595505617977528,0.8,0.2318840579710145,69.0,crf-with-prefix-fold02-seed29.joblib,crf-with-prefix
157,Z,0.9975420684439404,0.9971649971649972,0.9979194250047286,5287.0,crf-with-prefix-fold02-seed29.joblib,crf-with-prefix
158,fw,0.0,0.0,0.0,0.0,crf-with-prefix-fold02-seed29.joblib,crf-with-prefix
159,macro avg,0.8600297409769593,0.9039396209476501,0.8363715126323767,51728.0,crf-with-prefix-fold02-seed29.joblib,crf-with-prefix
160,micro avg,0.9545893906588307,0.9545893906588307,0.9545893906588307,51728.0,crf-with-prefix-fold02-seed29.joblib,crf-with-prefix
161,weighted avg,0.953904607437178,0.9541281334990476,0.9545893906588307,51728.0,crf-with-prefix-fold02-seed29.joblib,crf-with-prefix
162,CC,0.9761580381471391,0.9828532235939644,0.9695534506089308,1478.0,crf-with-prefix-fold03-seed02.joblib,crf-with-prefix
163,CD,0.9801509644953872,0.9768737809974924,0.9834502103786816,3565.0,crf-with-prefix-fold03-seed02.joblib,crf-with-prefix
164,DT,0.9365079365079364,0.8939393939393939,0.9833333333333332,60.0,crf-with-prefix-fold03-seed02.joblib,crf-with-prefix
165,FW,0.7697516930022573,0.8926701570680629,0.6765873015873016,504.0,crf-with-prefix-fold03-seed02.joblib,crf-with-prefix
166,IN,0.941355140186916,0.9398180545836248,0.9428972618769016,4273.0,crf-with-prefix-fold03-seed02.joblib,crf-with-prefix
167,JJ,0.8598382749326146,0.8890746934225195,0.8324634655532359,1916.0,crf-with-prefix-fold03-seed02.joblib,crf-with-prefix
168,MD,0.9813258636788048,0.9822429906542056,0.9804104477611941,1072.0,crf-with-prefix-fold03-seed02.joblib,crf-with-prefix
169,NEG,0.9841772151898734,0.974921630094044,0.9936102236421726,313.0,crf-with-prefix-fold03-seed02.joblib,crf-with-prefix
170,NN,0.9491250810110174,0.9393089072396376,0.959148587801883,12215.0,crf-with-prefix-fold03-seed02.joblib,crf-with-prefix
171,NND,0.919210053859964,0.9481481481481482,0.89198606271777,287.0,crf-with-prefix-fold03-seed02.joblib,crf-with-prefix
172,NNP,0.9544934172867772,0.9525849757212224,0.9564095210782908,6974.0,crf-with-prefix-fold03-seed02.joblib,crf-with-prefix
173,OD,0.8339483394833949,0.8188405797101449,0.849624060150376,133.0,crf-with-prefix-fold03-seed02.joblib,crf-with-prefix
174,PR,0.9939506747324338,0.9916434540389972,0.996268656716418,1072.0,crf-with-prefix-fold03-seed02.joblib,crf-with-prefix
175,PRP,0.9879045439686172,0.9869366427171784,0.9888743455497382,1528.0,crf-with-prefix-fold03-seed02.joblib,crf-with-prefix
176,RB,0.9038662486938348,0.9202127659574468,0.8880903490759754,974.0,crf-with-prefix-fold03-seed02.joblib,crf-with-prefix
177,RP,0.9722222222222222,1.0,0.945945945945946,37.0,crf-with-prefix-fold03-seed02.joblib,crf-with-prefix
178,SC,0.9325820866524188,0.9353078721745908,0.9298721425803952,2581.0,crf-with-prefix-fold03-seed02.joblib,crf-with-prefix
179,SYM,0.9924242424242424,0.9974619289340102,0.9874371859296482,398.0,crf-with-prefix-fold03-seed02.joblib,crf-with-prefix
180,UH,0.6666666666666666,1.0,0.5,8.0,crf-with-prefix-fold03-seed02.joblib,crf-with-prefix
181,VB,0.9664050235478808,0.9605242627555,0.9723582372453008,6331.0,crf-with-prefix-fold03-seed02.joblib,crf-with-prefix
182,WH,0.7924528301886793,0.8571428571428571,0.7368421052631579,57.0,crf-with-prefix-fold03-seed02.joblib,crf-with-prefix
183,X,0.3008849557522124,0.8947368421052632,0.18085106382978725,94.0,crf-with-prefix-fold03-seed02.joblib,crf-with-prefix
184,Z,0.9979323308270676,0.9981199473585258,0.9977447848148844,5321.0,crf-with-prefix-fold03-seed02.joblib,crf-with-prefix
185,fw,0.0,0.0,0.0,0.0,crf-with-prefix-fold03-seed02.joblib,crf-with-prefix
186,macro avg,0.8580555768107649,0.9055567961815348,0.8393232809767218,51191.0,crf-with-prefix-fold03-seed02.joblib,crf-with-prefix
187,micro avg,0.9548553456662304,0.9548553456662304,0.9548553456662304,51191.0,crf-with-prefix-fold03-seed02.joblib,crf-with-prefix
188,weighted avg,0.9540037859894264,0.9545157253589509,0.9548553456662304,51191.0,crf-with-prefix-fold03-seed02.joblib,crf-with-prefix
189,CC,0.9729537366548044,0.9806312769010044,0.9653954802259888,1416.0,crf-with-prefix-fold04-seed06.joblib,crf-with-prefix
190,CD,0.9766652524395418,0.9743227990970654,0.979018996314148,3527.0,crf-with-prefix-fold04-seed06.joblib,crf-with-prefix
191,DT,0.9613259668508288,0.9666666666666668,0.956043956043956,91.0,crf-with-prefix-fold04-seed06.joblib,crf-with-prefix
192,FW,0.8109965635738832,0.9147286821705426,0.7283950617283951,486.0,crf-with-prefix-fold04-seed06.joblib,crf-with-prefix
193,IN,0.9405112498527506,0.94062205466541,0.9404004711425206,4245.0,crf-with-prefix-fold04-seed06.joblib,crf-with-prefix
194,JJ,0.8692070030895982,0.8846960167714885,0.8542510121457491,1976.0,crf-with-prefix-fold04-seed06.joblib,crf-with-prefix
195,MD,0.9792256846081208,0.9810785241248816,0.9773798303487276,1061.0,crf-with-prefix-fold04-seed06.joblib,crf-with-prefix
196,NEG,0.979907264296754,0.9664634146341464,0.9937304075235108,319.0,crf-with-prefix-fold04-seed06.joblib,crf-with-prefix
197,NN,0.9484511229860582,0.9416035101715198,0.955399061032864,12354.0,crf-with-prefix-fold04-seed06.joblib,crf-with-prefix
198,NND,0.9245647969052224,0.952191235059761,0.8984962406015038,266.0,crf-with-prefix-fold04-seed06.joblib,crf-with-prefix
199,NNP,0.9524888479784748,0.9477243905875722,0.9573014517506404,7026.0,crf-with-prefix-fold04-seed06.joblib,crf-with-prefix
200,OD,0.8137931034482758,0.8939393939393939,0.7468354430379747,158.0,crf-with-prefix-fold04-seed06.joblib,crf-with-prefix
201,PR,0.9917808219178084,0.9899726526891522,0.9935956084172004,1093.0,crf-with-prefix-fold04-seed06.joblib,crf-with-prefix
202,PRP,0.9849377865094956,0.9810828440965428,0.9888231426692964,1521.0,crf-with-prefix-fold04-seed06.joblib,crf-with-prefix
203,RB,0.8989334687658709,0.9267015706806284,0.8727810650887574,1014.0,crf-with-prefix-fold04-seed06.joblib,crf-with-prefix
204,RP,1.0,1.0,1.0,27.0,crf-with-prefix-fold04-seed06.joblib,crf-with-prefix
205,SC,0.9289536814910502,0.9280973451327432,0.9298115995567048,2707.0,crf-with-prefix-fold04-seed06.joblib,crf-with-prefix
206,SYM,0.9883449883449884,0.9883449883449884,0.9883449883449884,429.0,crf-with-prefix-fold04-seed06.joblib,crf-with-prefix
207,UH,0.4444444444444444,0.6666666666666666,0.3333333333333333,6.0,crf-with-prefix-fold04-seed06.joblib,crf-with-prefix
208,VB,0.9664534248712748,0.9618012422360248,0.9711508309814988,6378.0,crf-with-prefix-fold04-seed06.joblib,crf-with-prefix
209,WH,0.8041237113402061,0.8125,0.7959183673469388,49.0,crf-with-prefix-fold04-seed06.joblib,crf-with-prefix
210,X,0.32380952380952377,0.6296296296296297,0.21794871794871795,78.0,crf-with-prefix-fold04-seed06.joblib,crf-with-prefix
211,Z,0.9961015498716363,0.9971444888635066,0.9950607902735562,5264.0,crf-with-prefix-fold04-seed06.joblib,crf-with-prefix
212,fw,0.0,0.0,0.0,0.0,crf-with-prefix-fold04-seed06.joblib,crf-with-prefix
213,macro avg,0.8524155830854422,0.8844420580470556,0.8349756606607072,51491.0,crf-with-prefix-fold04-seed06.joblib,crf-with-prefix
214,micro avg,0.9538365928026256,0.9538365928026256,0.9538365928026256,51491.0,crf-with-prefix-fold04-seed06.joblib,crf-with-prefix
215,weighted avg,0.9532464060870935,0.9533167052812872,0.9538365928026256,51491.0,crf-with-prefix-fold04-seed06.joblib,crf-with-prefix
216,CC,0.9729381443298968,0.9729381443298968,0.9729381443298968,1552.0,crf-with-suffix-fold01-seed42.joblib,crf-with-suffix
217,CD,0.975773701162302,0.9814084507042252,0.9702032859927596,3591.0,crf-with-suffix-fold01-seed42.joblib,crf-with-suffix
218,DT,0.9718309859154929,0.9857142857142858,0.9583333333333334,72.0,crf-with-suffix-fold01-seed42.joblib,crf-with-suffix
219,FW,0.827906976744186,0.8855721393034826,0.7772925764192141,458.0,crf-with-suffix-fold01-seed42.joblib,crf-with-suffix
220,IN,0.9378874437826668,0.933914306463326,0.94189453125,4096.0,crf-with-suffix-fold01-seed42.joblib,crf-with-suffix
221,JJ,0.8807339449541285,0.8852459016393442,0.8762677484787018,1972.0,crf-with-suffix-fold01-seed42.joblib,crf-with-suffix
222,MD,0.9488982653539616,0.9379054680259499,0.9601518026565464,1054.0,crf-with-suffix-fold01-seed42.joblib,crf-with-suffix
223,NEG,0.9403508771929824,0.9469964664310954,0.9337979094076656,287.0,crf-with-suffix-fold01-seed42.joblib,crf-with-suffix
224,NN,0.9261853014569751,0.9182761372705508,0.9342318934719064,12316.0,crf-with-suffix-fold01-seed42.joblib,crf-with-suffix
225,NND,0.8629032258064516,0.8879668049792531,0.8392156862745098,255.0,crf-with-suffix-fold01-seed42.joblib,crf-with-suffix
226,NNP,0.9510812826249068,0.9448807230700844,0.957363759195316,6661.0,crf-with-suffix-fold01-seed42.joblib,crf-with-suffix
227,OD,0.844106463878327,0.8809523809523809,0.8102189781021898,137.0,crf-with-suffix-fold01-seed42.joblib,crf-with-suffix
228,PR,0.9919064748201438,0.991015274034142,0.9927992799279928,1111.0,crf-with-suffix-fold01-seed42.joblib,crf-with-suffix
229,PRP,0.9912706110572259,0.9928756476683938,0.9896707553260168,1549.0,crf-with-suffix-fold01-seed42.joblib,crf-with-suffix
230,RB,0.8965517241379309,0.9160621761658032,0.8778550148957299,1007.0,crf-with-suffix-fold01-seed42.joblib,crf-with-suffix
231,RP,0.9655172413793104,1.0,0.9333333333333332,30.0,crf-with-suffix-fold01-seed42.joblib,crf-with-suffix
232,SC,0.928749759938544,0.9278587874136608,0.9296424452133796,2601.0,crf-with-suffix-fold01-seed42.joblib,crf-with-suffix
233,SYM,0.9929577464788732,0.9976415094339622,0.9883177570093458,428.0,crf-with-suffix-fold01-seed42.joblib,crf-with-suffix
234,UH,0.5,0.5,0.5,2.0,crf-with-suffix-fold01-seed42.joblib,crf-with-suffix
235,VB,0.9217129739570966,0.9297349089747684,0.91382828441375,6371.0,crf-with-suffix-fold01-seed42.joblib,crf-with-suffix
236,WH,0.8,0.8780487804878049,0.7346938775510204,49.0,crf-with-suffix-fold01-seed42.joblib,crf-with-suffix
237,X,0.30909090909090914,0.6296296296296297,0.20481927710843373,83.0,crf-with-suffix-fold01-seed42.joblib,crf-with-suffix
238,Z,0.9983696173395992,0.9978911042944786,0.9988485895221646,5211.0,crf-with-suffix-fold01-seed42.joblib,crf-with-suffix
239,fw,0.0,0.0,0.0,0.0,crf-with-suffix-fold01-seed42.joblib,crf-with-suffix
240,macro avg,0.8473634863084131,0.8717720427911049,0.8331549276338835,50893.0,crf-with-suffix-fold01-seed42.joblib,crf-with-suffix
241,micro avg,0.9424282317804019,0.9424282317804019,0.9424282317804019,50893.0,crf-with-suffix-fold01-seed42.joblib,crf-with-suffix
242,weighted avg,0.9419731449778168,0.9420561654063804,0.9424282317804019,50893.0,crf-with-suffix-fold01-seed42.joblib,crf-with-suffix
243,CC,0.9742216270505524,0.9719438877755512,0.976510067114094,1490.0,crf-with-suffix-fold02-seed29.joblib,crf-with-suffix
244,CD,0.9784779856519904,0.9813769751693002,0.9755960729312764,3565.0,crf-with-suffix-fold02-seed29.joblib,crf-with-suffix
245,DT,0.9666666666666668,0.9666666666666668,0.9666666666666668,90.0,crf-with-suffix-fold02-seed29.joblib,crf-with-suffix
246,FW,0.8502304147465437,0.8978102189781022,0.8074398249452954,457.0,crf-with-suffix-fold02-seed29.joblib,crf-with-suffix
247,IN,0.9362332042814848,0.9303009730708304,0.9422415768966308,4363.0,crf-with-suffix-fold02-seed29.joblib,crf-with-suffix
248,JJ,0.875849911860992,0.888605007664793,0.8634558093346574,2014.0,crf-with-suffix-fold02-seed29.joblib,crf-with-suffix
249,MD,0.9406669553919446,0.9203389830508476,0.9619131975199292,1129.0,crf-with-suffix-fold02-seed29.joblib,crf-with-suffix
250,NEG,0.9315525876460768,0.9755244755244756,0.8913738019169329,313.0,crf-with-suffix-fold02-seed29.joblib,crf-with-suffix
251,NN,0.9284269796581944,0.9197108963783488,0.9373098478783026,12490.0,crf-with-suffix-fold02-seed29.joblib,crf-with-suffix
252,NND,0.8633093525179856,0.9338521400778209,0.802675585284281,299.0,crf-with-suffix-fold02-seed29.joblib,crf-with-suffix
253,NNP,0.9553682667643826,0.9525062107262896,0.9582475742428698,6802.0,crf-with-suffix-fold02-seed29.joblib,crf-with-suffix
254,OD,0.8539325842696629,0.9268292682926829,0.7916666666666666,144.0,crf-with-suffix-fold02-seed29.joblib,crf-with-suffix
255,PR,0.9930843706777316,0.992626728110599,0.9935424354243544,1084.0,crf-with-suffix-fold02-seed29.joblib,crf-with-suffix
256,PRP,0.9915584415584416,0.994140625,0.9889896373056994,1544.0,crf-with-suffix-fold02-seed29.joblib,crf-with-suffix
257,RB,0.9046404895461498,0.9144329896907216,0.8950554994954592,991.0,crf-with-suffix-fold02-seed29.joblib,crf-with-suffix
258,RP,0.975,1.0,0.951219512195122,41.0,crf-with-suffix-fold02-seed29.joblib,crf-with-suffix
259,SC,0.9162244124336618,0.9165718619643536,0.9158772262220538,2639.0,crf-with-suffix-fold02-seed29.joblib,crf-with-suffix
260,SYM,0.9935483870967742,1.0,0.9871794871794872,468.0,crf-with-suffix-fold02-seed29.joblib,crf-with-suffix
261,UH,0.7692307692307693,1.0,0.625,8.0,crf-with-suffix-fold02-seed29.joblib,crf-with-suffix
262,VB,0.9213677907343208,0.9270651656889172,0.9157400156617072,6385.0,crf-with-suffix-fold02-seed29.joblib,crf-with-suffix
263,WH,0.6888888888888888,0.9117647058823528,0.5535714285714286,56.0,crf-with-suffix-fold02-seed29.joblib,crf-with-suffix
264,X,0.3711340206185567,0.6428571428571429,0.2608695652173913,69.0,crf-with-suffix-fold02-seed29.joblib,crf-with-suffix
265,Z,0.9975416036308624,0.9973529967857818,0.9977302818233402,5287.0,crf-with-suffix-fold02-seed29.joblib,crf-with-suffix
266,fw,0.0,0.0,0.0,0.0,crf-with-suffix-fold02-seed29.joblib,crf-with-suffix
267,macro avg,0.8573814879551097,0.8984282466398158,0.8316613241872352,51728.0,crf-with-suffix-fold02-seed29.joblib,crf-with-suffix
268,micro avg,0.9427776059387566,0.9427776059387566,0.9427776059387566,51728.0,crf-with-suffix-fold02-seed29.joblib,crf-with-suffix
269,weighted avg,0.9423800526391272,0.9425574293752874,0.9427776059387566,51728.0,crf-with-suffix-fold02-seed29.joblib,crf-with-suffix
270,CC,0.9753960229187733,0.9717931497649428,0.9790257104194858,1478.0,crf-with-suffix-fold03-seed02.joblib,crf-with-suffix
271,CD,0.9776024792224258,0.981890209394454,0.9733520336605892,3565.0,crf-with-suffix-fold03-seed02.joblib,crf-with-suffix
272,DT,1.0,1.0,1.0,60.0,crf-with-suffix-fold03-seed02.joblib,crf-with-suffix
273,FW,0.8466386554621849,0.8995535714285714,0.7996031746031746,504.0,crf-with-suffix-fold03-seed02.joblib,crf-with-suffix
274,IN,0.9394503959012576,0.9348783314020858,0.9440673999531944,4273.0,crf-with-suffix-fold03-seed02.joblib,crf-with-suffix
275,JJ,0.8779193205944797,0.8930885529157667,0.8632567849686847,1916.0,crf-with-suffix-fold03-seed02.joblib,crf-with-suffix
276,MD,0.9389067524115756,0.9248868778280545,0.9533582089552238,1072.0,crf-with-suffix-fold03-seed02.joblib,crf-with-suffix
277,NEG,0.9533011272141706,0.9610389610389609,0.9456869009584664,313.0,crf-with-suffix-fold03-seed02.joblib,crf-with-suffix
278,NN,0.9279429058026843,0.919331512132412,0.9367171510437986,12215.0,crf-with-suffix-fold03-seed02.joblib,crf-with-suffix
279,NND,0.8763636363636363,0.9163498098859316,0.8397212543554007,287.0,crf-with-suffix-fold03-seed02.joblib,crf-with-suffix
280,NNP,0.9532121905852052,0.9511707595659624,0.9552624032119301,6974.0,crf-with-suffix-fold03-seed02.joblib,crf-with-suffix
281,OD,0.844106463878327,0.8538461538461538,0.8345864661654135,133.0,crf-with-suffix-fold03-seed02.joblib,crf-with-suffix
282,PR,0.99209669920967,0.98887859128823,0.9953358208955224,1072.0,crf-with-suffix-fold03-seed02.joblib,crf-with-suffix
283,PRP,0.9921156373193166,0.9960422163588392,0.988219895287958,1528.0,crf-with-suffix-fold03-seed02.joblib,crf-with-suffix
284,RB,0.9118257261410788,0.9213836477987422,0.9024640657084188,974.0,crf-with-suffix-fold03-seed02.joblib,crf-with-suffix
285,RP,0.9295774647887324,0.9705882352941176,0.8918918918918919,37.0,crf-with-suffix-fold03-seed02.joblib,crf-with-suffix
286,SC,0.9268292682926828,0.9261121856866538,0.9275474622239442,2581.0,crf-with-suffix-fold03-seed02.joblib,crf-with-suffix
287,SYM,0.9924242424242424,0.9974619289340102,0.9874371859296482,398.0,crf-with-suffix-fold03-seed02.joblib,crf-with-suffix
288,UH,0.8571428571428571,1.0,0.75,8.0,crf-with-suffix-fold03-seed02.joblib,crf-with-suffix
289,VB,0.9192191715600698,0.9236166480625101,0.9148633707155268,6331.0,crf-with-suffix-fold03-seed02.joblib,crf-with-suffix
290,WH,0.8148148148148149,0.8627450980392157,0.7719298245614035,57.0,crf-with-suffix-fold03-seed02.joblib,crf-with-suffix
291,X,0.3305785123966942,0.7407407407407407,0.2127659574468085,94.0,crf-with-suffix-fold03-seed02.joblib,crf-with-suffix
292,Z,0.9980265012686778,0.9981203007518796,0.997932719413644,5321.0,crf-with-suffix-fold03-seed02.joblib,crf-with-suffix
293,fw,0.0,0.0,0.0,0.0,crf-with-suffix-fold03-seed02.joblib,crf-with-suffix
294,macro avg,0.8656454519047315,0.8972298950899263,0.8485427367654221,51191.0,crf-with-suffix-fold03-seed02.joblib,crf-with-suffix
295,micro avg,0.9433298822058565,0.9433298822058565,0.9433298822058565,51191.0,crf-with-suffix-fold03-seed02.joblib,crf-with-suffix
296,weighted avg,0.9428343449728316,0.9430530800619668,0.9433298822058565,51191.0,crf-with-suffix-fold03-seed02.joblib,crf-with-suffix
297,CC,0.9728203318037416,0.9724770642201837,0.9731638418079096,1416.0,crf-with-suffix-fold04-seed06.joblib,crf-with-suffix
298,CD,0.9747827325829891,0.9796678121420388,0.9699461298554012,3527.0,crf-with-suffix-fold04-seed06.joblib,crf-with-suffix
299,DT,0.9832402234636872,1.0,0.967032967032967,91.0,crf-with-suffix-fold04-seed06.joblib,crf-with-suffix
300,FW,0.8514851485148516,0.9148936170212766,0.7962962962962963,486.0,crf-with-suffix-fold04-seed06.joblib,crf-with-suffix
301,IN,0.9377486543412124,0.931643803766566,0.9439340400471142,4245.0,crf-with-suffix-fold04-seed06.joblib,crf-with-suffix
302,JJ,0.8780860269788752,0.8832565284178188,0.8729757085020243,1976.0,crf-with-suffix-fold04-seed06.joblib,crf-with-suffix
303,MD,0.9361111111111112,0.9199272065514104,0.9528746465598492,1061.0,crf-with-suffix-fold04-seed06.joblib,crf-with-suffix
304,NEG,0.9445324881141046,0.9551282051282052,0.9341692789968652,319.0,crf-with-suffix-fold04-seed06.joblib,crf-with-suffix
305,NN,0.9245033112582782,0.9168855982803916,0.9322486644001944,12354.0,crf-with-suffix-fold04-seed06.joblib,crf-with-suffix
306,NND,0.8680000000000001,0.9273504273504274,0.8157894736842105,266.0,crf-with-suffix-fold04-seed06.joblib,crf-with-suffix
307,NNP,0.9506382978723404,0.9474130619168788,0.9538855678906916,7026.0,crf-with-suffix-fold04-seed06.joblib,crf-with-suffix
308,OD,0.8243243243243245,0.8840579710144928,0.7721518987341772,158.0,crf-with-suffix-fold04-seed06.joblib,crf-with-suffix
309,PR,0.9936131386861314,0.9909008189262968,0.9963403476669715,1093.0,crf-with-suffix-fold04-seed06.joblib,crf-with-suffix
310,PRP,0.9917573359709856,0.9947089947089948,0.9888231426692964,1521.0,crf-with-suffix-fold04-seed06.joblib,crf-with-suffix
311,RB,0.9052204764318298,0.9311783107403544,0.8806706114398422,1014.0,crf-with-suffix-fold04-seed06.joblib,crf-with-suffix
312,RP,1.0,1.0,1.0,27.0,crf-with-suffix-fold04-seed06.joblib,crf-with-suffix
313,SC,0.9249724163295328,0.9209080922738924,0.9290727742888808,2707.0,crf-with-suffix-fold04-seed06.joblib,crf-with-suffix
314,SYM,0.9906542056074764,0.9929742388758782,0.9883449883449884,429.0,crf-with-suffix-fold04-seed06.joblib,crf-with-suffix
315,UH,0.2857142857142857,1.0,0.16666666666666666,6.0,crf-with-suffix-fold04-seed06.joblib,crf-with-suffix
316,VB,0.9198172652804032,0.9241848686293129,0.9154907494512388,6378.0,crf-with-suffix-fold04-seed06.joblib,crf-with-suffix
317,WH,0.7526881720430106,0.7954545454545454,0.7142857142857143,49.0,crf-with-suffix-fold04-seed06.joblib,crf-with-suffix
318,X,0.3773584905660377,0.7142857142857143,0.2564102564102564,78.0,crf-with-suffix-fold04-seed06.joblib,crf-with-suffix
319,Z,0.9962917181705808,0.997334856272606,0.9952507598784196,5264.0,crf-with-suffix-fold04-seed06.joblib,crf-with-suffix
320,fw,0.0,0.0,0.0,0.0,crf-with-suffix-fold04-seed06.joblib,crf-with-suffix
321,macro avg,0.8410150064652413,0.8956096556657203,0.8214926885379157,51491.0,crf-with-suffix-fold04-seed06.joblib,crf-with-suffix
322,micro avg,0.9411159231710396,0.9411159231710396,0.9411159231710396,51491.0,crf-with-suffix-fold04-seed06.joblib,crf-with-suffix
323,weighted avg,0.9407125565410852,0.9409436640114428,0.9411159231710396,51491.0,crf-with-suffix-fold04-seed06.joblib,crf-with-suffix
324,CC,0.9831715210355988,0.9876462938881664,0.9787371134020618,1552.0,crf-with-allfix-fold01-seed42.joblib,crf-with-allfix
325,CD,0.9940086387069808,0.994701617401004,0.9933166248955724,3591.0,crf-with-allfix-fold01-seed42.joblib,crf-with-allfix
326,DT,0.9722222222222222,0.9722222222222222,0.9722222222222222,72.0,crf-with-allfix-fold01-seed42.joblib,crf-with-allfix
327,FW,0.8597914252607185,0.9160493827160494,0.8100436681222707,458.0,crf-with-allfix-fold01-seed42.joblib,crf-with-allfix
328,IN,0.9650553999756484,0.9625941219334468,0.967529296875,4096.0,crf-with-allfix-fold01-seed42.joblib,crf-with-allfix
329,JJ,0.9484902309058616,0.9492127983748097,0.9477687626774848,1972.0,crf-with-allfix-fold01-seed42.joblib,crf-with-allfix
330,MD,0.9890424011434016,0.9933014354066986,0.9848197343453512,1054.0,crf-with-allfix-fold01-seed42.joblib,crf-with-allfix
331,NEG,0.9947826086956522,0.9930555555555556,0.9965156794425089,287.0,crf-with-allfix-fold01-seed42.joblib,crf-with-allfix
332,NN,0.9721299521996274,0.9700080840743734,0.9742611237414746,12316.0,crf-with-allfix-fold01-seed42.joblib,crf-with-allfix
333,NND,0.9221556886227544,0.9390243902439024,0.9058823529411764,255.0,crf-with-allfix-fold01-seed42.joblib,crf-with-allfix
334,NNP,0.957798985982702,0.9514146052436676,0.9642696291848072,6661.0,crf-with-allfix-fold01-seed42.joblib,crf-with-allfix
335,OD,0.9132075471698112,0.9453125,0.8832116788321168,137.0,crf-with-allfix-fold01-seed42.joblib,crf-with-allfix
336,PR,0.99594411897251,0.9972924187725632,0.9945994599459946,1111.0,crf-with-allfix-fold01-seed42.joblib,crf-with-allfix
337,PRP,0.9957969608794052,0.9974093264248703,0.9941897998708844,1549.0,crf-with-allfix-fold01-seed42.joblib,crf-with-allfix
338,RB,0.9684526790185276,0.9767676767676768,0.9602780536246276,1007.0,crf-with-allfix-fold01-seed42.joblib,crf-with-allfix
339,RP,0.9655172413793104,1.0,0.9333333333333332,30.0,crf-with-allfix-fold01-seed42.joblib,crf-with-allfix
340,SC,0.95311004784689,0.9489329268292684,0.9573241061130334,2601.0,crf-with-allfix-fold01-seed42.joblib,crf-with-allfix
341,SYM,0.9953051643192488,1.0,0.9906542056074766,428.0,crf-with-allfix-fold01-seed42.joblib,crf-with-allfix
342,UH,0.8,0.6666666666666666,1.0,2.0,crf-with-allfix-fold01-seed42.joblib,crf-with-allfix
343,VB,0.9889194499017682,0.9902423670129052,0.9876000627844922,6371.0,crf-with-allfix-fold01-seed42.joblib,crf-with-allfix
344,WH,0.9148936170212768,0.9555555555555556,0.8775510204081632,49.0,crf-with-allfix-fold01-seed42.joblib,crf-with-allfix
345,X,0.5625,0.8,0.43373493975903615,83.0,crf-with-allfix-fold01-seed42.joblib,crf-with-allfix
346,Z,0.998273215656178,0.9980817187799732,0.9984647860295528,5211.0,crf-with-allfix-fold01-seed42.joblib,crf-with-allfix
347,fw,0.0,0.0,0.0,0.0,crf-with-allfix-fold01-seed42.joblib,crf-with-allfix
348,macro avg,0.9004403798715038,0.9127288193278904,0.89609615225661,50893.0,crf-with-allfix-fold01-seed42.joblib,crf-with-allfix
349,micro avg,0.9743383176468275,0.9743383176468275,0.9743383176468275,50893.0,crf-with-allfix-fold01-seed42.joblib,crf-with-allfix
350,weighted avg,0.9741426280108842,0.9742210972651816,0.9743383176468275,50893.0,crf-with-allfix-fold01-seed42.joblib,crf-with-allfix
351,CC,0.9868642640619736,0.9905341446923596,0.9832214765100672,1490.0,crf-with-allfix-fold02-seed29.joblib,crf-with-allfix
352,CD,0.99510009799804,0.9932923420905534,0.9969144460028052,3565.0,crf-with-allfix-fold02-seed29.joblib,crf-with-allfix
353,DT,0.9726775956284154,0.956989247311828,0.9888888888888888,90.0,crf-with-allfix-fold02-seed29.joblib,crf-with-allfix
354,FW,0.8737430167597764,0.8926940639269406,0.8555798687089715,457.0,crf-with-allfix-fold02-seed29.joblib,crf-with-allfix
355,IN,0.963157894736842,0.9616175462645647,0.9647031858812743,4363.0,crf-with-allfix-fold02-seed29.joblib,crf-with-allfix
356,JJ,0.943453128926866,0.9552162849872774,0.9319761668321748,2014.0,crf-with-allfix-fold02-seed29.joblib,crf-with-allfix
357,MD,0.9889135254988912,0.9902309058614563,0.9875996457041628,1129.0,crf-with-allfix-fold02-seed29.joblib,crf-with-allfix
358,NEG,0.985553772070626,0.9903225806451612,0.9808306709265175,313.0,crf-with-allfix-fold02-seed29.joblib,crf-with-allfix
359,NN,0.9710844334543134,0.9674958277040452,0.9746997598078464,12490.0,crf-with-allfix-fold02-seed29.joblib,crf-with-allfix
360,NND,0.92967409948542,0.9542253521126759,0.9063545150501672,299.0,crf-with-allfix-fold02-seed29.joblib,crf-with-allfix
361,NNP,0.9581804842259722,0.9563561804335092,0.9600117612466922,6802.0,crf-with-allfix-fold02-seed29.joblib,crf-with-allfix
362,OD,0.9219858156028368,0.9420289855072465,0.9027777777777778,144.0,crf-with-allfix-fold02-seed29.joblib,crf-with-allfix
363,PR,0.9949238578680204,0.9953831948291784,0.9944649446494463,1084.0,crf-with-allfix-fold02-seed29.joblib,crf-with-allfix
364,PRP,0.9954604409857328,0.9967532467532468,0.9941709844559584,1544.0,crf-with-allfix-fold02-seed29.joblib,crf-with-allfix
365,RB,0.961577350859454,0.9635258358662614,0.9596367305751766,991.0,crf-with-allfix-fold02-seed29.joblib,crf-with-allfix
366,RP,1.0,1.0,1.0,41.0,crf-with-allfix-fold02-seed29.joblib,crf-with-allfix
367,SC,0.945042492917847,0.9420180722891566,0.9480863963622584,2639.0,crf-with-allfix-fold02-seed29.joblib,crf-with-allfix
368,SYM,0.9946294307196564,1.0,0.9893162393162394,468.0,crf-with-allfix-fold02-seed29.joblib,crf-with-allfix
369,UH,0.9333333333333332,1.0,0.875,8.0,crf-with-allfix-fold02-seed29.joblib,crf-with-allfix
370,VB,0.9885687441277796,0.9884139658681698,0.9887235708692248,6385.0,crf-with-allfix-fold02-seed29.joblib,crf-with-allfix
371,WH,0.8490566037735849,0.9,0.8035714285714286,56.0,crf-with-allfix-fold02-seed29.joblib,crf-with-allfix
372,X,0.4791666666666667,0.8518518518518519,0.3333333333333333,69.0,crf-with-allfix-fold02-seed29.joblib,crf-with-allfix
373,Z,0.9976359338061466,0.9975416036308624,0.9977302818233402,5287.0,crf-with-allfix-fold02-seed29.joblib,crf-with-allfix
374,fw,0.0,0.0,0.0,0.0,crf-with-allfix-fold02-seed29.joblib,crf-with-allfix
375,macro avg,0.9012409576461748,0.9244371346927645,0.8882330030539064,51728.0,crf-with-allfix-fold02-seed29.joblib,crf-with-allfix
376,micro avg,0.9732639962882772,0.9732639962882772,0.9732639962882772,51728.0,crf-with-allfix-fold02-seed29.joblib,crf-with-allfix
377,weighted avg,0.9730265288205999,0.9731384683239076,0.9732639962882772,51728.0,crf-with-allfix-fold02-seed29.joblib,crf-with-allfix
378,CC,0.9871621621621622,0.98582995951417,0.9884979702300406,1478.0,crf-with-allfix-fold03-seed02.joblib,crf-with-allfix
379,CD,0.993542953396968,0.9943804439449284,0.9927068723702664,3565.0,crf-with-allfix-fold03-seed02.joblib,crf-with-allfix
380,DT,1.0,1.0,1.0,60.0,crf-with-allfix-fold03-seed02.joblib,crf-with-allfix
381,FW,0.8765690376569039,0.926991150442478,0.8313492063492064,504.0,crf-with-allfix-fold03-seed02.joblib,crf-with-allfix
382,IN,0.9634985422740524,0.9602510460251046,0.9667680786332788,4273.0,crf-with-allfix-fold03-seed02.joblib,crf-with-allfix
383,JJ,0.9463672391017172,0.9582664526484752,0.9347599164926932,1916.0,crf-with-allfix-fold03-seed02.joblib,crf-with-allfix
384,MD,0.9911256422232604,0.9925163704396632,0.9897388059701492,1072.0,crf-with-allfix-fold03-seed02.joblib,crf-with-allfix
385,NEG,0.9920508744038156,0.9873417721518988,0.9968051118210862,313.0,crf-with-allfix-fold03-seed02.joblib,crf-with-allfix
386,NN,0.9710540243455604,0.9658244250080984,0.9763405648792468,12215.0,crf-with-allfix-fold03-seed02.joblib,crf-with-allfix
387,NND,0.9340463458110516,0.9562043795620438,0.9128919860627178,287.0,crf-with-allfix-fold03-seed02.joblib,crf-with-allfix
388,NNP,0.9581129378127234,0.9552451539338654,0.960997992543734,6974.0,crf-with-allfix-fold03-seed02.joblib,crf-with-allfix
389,OD,0.924242424242424,0.931297709923664,0.9172932330827068,133.0,crf-with-allfix-fold03-seed02.joblib,crf-with-allfix
390,PR,0.9976711690731254,0.9962790697674418,0.9990671641791044,1072.0,crf-with-allfix-fold03-seed02.joblib,crf-with-allfix
391,PRP,0.9940983606557376,0.9960578186596584,0.9921465968586388,1528.0,crf-with-allfix-fold03-seed02.joblib,crf-with-allfix
392,RB,0.9658385093167702,0.9739039665970772,0.957905544147844,974.0,crf-with-allfix-fold03-seed02.joblib,crf-with-allfix
393,RP,0.9866666666666666,0.9736842105263158,1.0,37.0,crf-with-allfix-fold03-seed02.joblib,crf-with-allfix
394,SC,0.9472254559565388,0.9486980178779636,0.945757458349477,2581.0,crf-with-allfix-fold03-seed02.joblib,crf-with-allfix
395,SYM,0.9936948297604036,0.9974683544303796,0.9899497487437184,398.0,crf-with-allfix-fold03-seed02.joblib,crf-with-allfix
396,UH,0.9333333333333332,1.0,0.875,8.0,crf-with-allfix-fold03-seed02.joblib,crf-with-allfix
397,VB,0.9884730775303964,0.9881610102604578,0.9887853419680936,6331.0,crf-with-allfix-fold03-seed02.joblib,crf-with-allfix
398,WH,0.8623853211009175,0.903846153846154,0.8245614035087719,57.0,crf-with-allfix-fold03-seed02.joblib,crf-with-allfix
399,X,0.4776119402985074,0.8,0.3404255319148936,94.0,crf-with-allfix-fold03-seed02.joblib,crf-with-allfix
400,Z,0.9980261302754018,0.9983076344490409,0.9977447848148844,5321.0,crf-with-allfix-fold03-seed02.joblib,crf-with-allfix
401,fw,0.0,0.0,0.0,0.0,crf-with-allfix-fold03-seed02.joblib,crf-with-allfix
402,macro avg,0.9034498740582684,0.92460646250037,0.8908122213716897,51191.0,crf-with-allfix-fold03-seed02.joblib,crf-with-allfix
403,micro avg,0.9734718993573088,0.9734718993573088,0.9734718993573088,51191.0,crf-with-allfix-fold03-seed02.joblib,crf-with-allfix
404,weighted avg,0.9731476537832318,0.9732588026126004,0.9734718993573088,51191.0,crf-with-allfix-fold03-seed02.joblib,crf-with-allfix
405,CC,0.9858256555634304,0.9893314366998578,0.9823446327683616,1416.0,crf-with-allfix-fold04-seed06.joblib,crf-with-allfix
406,CD,0.9922107350233678,0.9912280701754386,0.9931953501559398,3527.0,crf-with-allfix-fold04-seed06.joblib,crf-with-allfix
407,DT,0.977777777777778,0.9887640449438202,0.967032967032967,91.0,crf-with-allfix-fold04-seed06.joblib,crf-with-allfix
408,FW,0.8803512623490669,0.9435294117647058,0.8251028806584362,486.0,crf-with-allfix-fold04-seed06.joblib,crf-with-allfix
409,IN,0.9617961678617608,0.9598779915532614,0.9637220259128386,4245.0,crf-with-allfix-fold04-seed06.joblib,crf-with-allfix
410,JJ,0.9463513857106536,0.9509453244762393,0.9418016194331984,1976.0,crf-with-allfix-fold04-seed06.joblib,crf-with-allfix
411,MD,0.9910165484633571,0.9943074003795066,0.9877474081055608,1061.0,crf-with-allfix-fold04-seed06.joblib,crf-with-allfix
412,NEG,0.9968652037617556,0.9968652037617556,0.9968652037617556,319.0,crf-with-allfix-fold04-seed06.joblib,crf-with-allfix
413,NN,0.9691320663357949,0.9662080617909728,0.9720738222438076,12354.0,crf-with-allfix-fold04-seed06.joblib,crf-with-allfix
414,NND,0.9333333333333332,0.945945945945946,0.9210526315789472,266.0,crf-with-allfix-fold04-seed06.joblib,crf-with-allfix
415,NNP,0.9543939286474218,0.9512229605542204,0.9575861087389697,7026.0,crf-with-allfix-fold04-seed06.joblib,crf-with-allfix
416,OD,0.9260450160771704,0.9411764705882352,0.9113924050632912,158.0,crf-with-allfix-fold04-seed06.joblib,crf-with-allfix
417,PR,0.9972527472527474,0.9981668194317141,0.9963403476669715,1093.0,crf-with-allfix-fold04-seed06.joblib,crf-with-allfix
418,PRP,0.9957335083688874,0.9941022280471822,0.997370151216305,1521.0,crf-with-allfix-fold04-seed06.joblib,crf-with-allfix
419,RB,0.965586034912718,0.9767911200807264,0.9546351084812624,1014.0,crf-with-allfix-fold04-seed06.joblib,crf-with-allfix
420,RP,1.0,1.0,1.0,27.0,crf-with-allfix-fold04-seed06.joblib,crf-with-allfix
421,SC,0.9472713864306784,0.9455281560544718,0.9490210565201329,2707.0,crf-with-allfix-fold04-seed06.joblib,crf-with-allfix
422,SYM,0.9894982497082848,0.9906542056074766,0.9883449883449884,429.0,crf-with-allfix-fold04-seed06.joblib,crf-with-allfix
423,UH,0.6666666666666666,1.0,0.5,6.0,crf-with-allfix-fold04-seed06.joblib,crf-with-allfix
424,VB,0.9886532592534628,0.9868770504608656,0.9904358733145188,6378.0,crf-with-allfix-fold04-seed06.joblib,crf-with-allfix
425,WH,0.8543689320388349,0.8148148148148148,0.8979591836734694,49.0,crf-with-allfix-fold04-seed06.joblib,crf-with-allfix
426,X,0.5132743362831858,0.8285714285714286,0.3717948717948718,78.0,crf-with-allfix-fold04-seed06.joblib,crf-with-allfix
427,Z,0.996198441360958,0.996766831494865,0.995630699088146,5264.0,crf-with-allfix-fold04-seed06.joblib,crf-with-allfix
428,fw,0.0,0.0,0.0,0.0,crf-with-allfix-fold04-seed06.joblib,crf-with-allfix
429,macro avg,0.8929001101325547,0.9229864573832294,0.8775603889814475,51491.0,crf-with-allfix-fold04-seed06.joblib,crf-with-allfix
430,micro avg,0.9721116311588432,0.9721116311588432,0.9721116311588432,51491.0,crf-with-allfix-fold04-seed06.joblib,crf-with-allfix
431,weighted avg,0.9718643780340436,0.9719993098692434,0.9721116311588432,51491.0,crf-with-allfix-fold04-seed06.joblib,crf-with-allfix
